
-- =========================================
-- Database Backup: printerink_hp
-- Date: 2026-05-21 03:28:55
-- Generated by PrinterInkHP System
-- =========================================

SET NAMES utf8mb4;
SET FOREIGN_KEY_CHECKS = 0;


-- -------------------------------------------
-- Table: `departments`
-- -------------------------------------------
DROP TABLE IF EXISTS `departments`;
CREATE TABLE `departments` (
  `id` int NOT NULL AUTO_INCREMENT,
  `group_name` varchar(255) COLLATE utf8mb4_unicode_ci NOT NULL,
  `sub_name` varchar(255) COLLATE utf8mb4_unicode_ci DEFAULT NULL,
  PRIMARY KEY (`id`)
) ENGINE=InnoDB AUTO_INCREMENT=60 DEFAULT CHARSET=utf8mb4 COLLATE=utf8mb4_unicode_ci;

INSERT INTO `departments` (`id`, `group_name`, `sub_name`) VALUES
('1', 'กลุ่มงานสุขภาพดิจิทัล', 'งานเทคโนโลยีสารสนเทศและพัฒนาระบบสุขภาพดิจิทัล'),
('2', 'กลุ่มงานสุขภาพดิจิทัล', 'งานเวชระเบียนและข้อมูลทางการแพทย์ (ซักประวัติ,บัตรทอง)'),
('3', 'กลุ่มงานสุขภาพดิจิทัล', 'งานประกัน'),
('4', 'กลุ่มงานบริหารทั่วไป', 'ธุรการ'),
('5', 'กลุ่มงานบริหารทั่วไป', 'พัสดุ'),
('6', 'กลุ่มงานบริหารทั่วไป', 'การเงินและบัญชี'),
('7', 'กลุ่มงานบริหารทั่วไป', 'แผนกซ่อมบำรุง'),
('8', 'กลุ่มงานบริหารทั่วไป', 'ซักฟอก'),
('9', 'กลุ่มงานบริหารทั่วไป', 'งานยานพาหนะ'),
('10', 'กลุ่มงานบริหารทั่วไป', 'ดูแลสวน'),
('11', 'กลุ่มงานการพยาบาล', 'ตึกหญิง'),
('12', 'กลุ่มงานการพยาบาล', 'ตึกชาย'),
('13', 'กลุ่มงานการพยาบาล', 'ตึกศัลยกรรม'),
('14', 'กลุ่มงานการพยาบาล', 'ตึกหญิง 2'),
('15', 'กลุ่มงานการพยาบาล', 'แผนกอุบัติเหตุและฉุกเฉิน ER'),
('16', 'กลุ่มงานการพยาบาล', 'ตึกสูตินรีเวช LR'),
('17', 'กลุ่มงานการพยาบาล', 'หน้าห้องตรวจ OPD'),
('18', 'กลุ่มงานการพยาบาล', 'ห้องผ่าตัด OR'),
('19', 'กลุ่มงานการพยาบาล', 'ไตเทียม'),
('20', 'กลุ่มงานการพยาบาล', 'พนักงานต้อนรับ'),
('21', 'กลุ่มงานการพยาบาล', 'หน่วยจ่ายกลาง'),
('22', 'กลุ่มงานการพยาบาล', 'งานประชาสัมพันธ์'),
('23', 'กลุ่มงานการพยาบาล', 'งานพัฒนาคุณภาพ'),
('24', 'กลุ่มงานการพยาบาล', 'OPD ศัลยกรรม'),
('25', 'กลุ่มงานการพยาบาล', 'OPD กุมารเวชกรรม'),
('26', 'กลุ่มงานการพยาบาล', 'IPD กุมารเวชกรรม'),
('27', 'กลุ่มงานการพยาบาล', 'ป้องกันและควบคุมการติดเชื้อ IC'),
('28', 'กลุ่มงานการพยาบาล', 'ฉีดยาทำแผล'),
('29', 'กลุ่มงานรังสีวิทยา', NULL),
('30', 'กลุ่มงานทันตกรรม', NULL),
('31', 'กลุ่มงานโภชนศาสตร์', 'โภชนาการ'),
('32', 'กลุ่มงานโภชนศาสตร์', 'ร้านอาหารใบไม้'),
('33', 'กลุ่มงานการแพทย์', 'แพทย์ทั่วไป'),
('34', 'กลุ่มงานการแพทย์', 'วิสัญญีแพทย์'),
('35', 'กลุ่มงานการแพทย์', 'อายุรแพทย์'),
('36', 'กลุ่มงานการแพทย์', 'สูตินรีแพทย์'),
('37', 'กลุ่มงานการแพทย์', 'กุมารแพทย์'),
('38', 'กลุ่มงานการแพทย์', 'เวชศาสตร์ชุมชนและครอบครัว'),
('39', 'กลุ่มงานการแพทย์', 'ศัลยแพทย์'),
('40', 'กลุ่มงานเวชกรรมฟื้นฟู', NULL),
('41', 'กลุ่มงานการแพทย์แผนไทย', NULL),
('42', 'กลุ่มงานจิตเวชและยาเสพติด', NULL),
('43', 'กลุ่มงานพัฒนาคุณภาพ', NULL),
('44', 'กลุ่มงานเทคนิคการแพทย์', NULL),
('45', 'กลุ่มงานเภสัชกรรมและคุ้มครองผู้บริโภค', 'ห้องจ่ายยาผู้ป่วยใน'),
('46', 'กลุ่มงานเภสัชกรรมและคุ้มครองผู้บริโภค', 'ห้องจ่ายยาผู้ป่วยนอก'),
('47', 'กลุ่มงานเภสัชกรรมและคุ้มครองผู้บริโภค', 'คลังยา'),
('48', 'กลุ่มงานเภสัชกรรมและคุ้มครองผู้บริโภค', 'งานคุ้มครองผู้บริโภค'),
('49', 'กลุ่มงานประกันสุขภาพยุทธศาสตร์', NULL),
('50', 'กลุ่มงานบริการด้านปฐมภูมิ', 'สุขาภิบาลและสิ่งแวดล้อม'),
('51', 'กลุ่มงานบริการด้านปฐมภูมิ', 'เวชปฏิบัติครอบครัวและชุมชน'),
('52', 'กลุ่มงานบริการด้านปฐมภูมิ', 'งานสุขศึกษา'),
('53', 'กลุ่มงานบริการด้านปฐมภูมิ', 'ใจประสานใจ'),
('54', 'กลุ่มงานบริการด้านปฐมภูมิ', 'PCU ม่วงคำ'),
('55', 'กลุ่มงานบริการด้านปฐมภูมิ', 'คลินิกพิเศษ NCD'),
('56', 'กลุ่มงานบริการด้านปฐมภูมิ', 'เตาเผา'),
('57', 'กลุ่มงานประกันสุขภาพยุทธศาสตร์', 'พ.ร.บ.'),
('58', 'กลุ่มงานการแพทย์', 'ห้องพักแพทย์'),
('59', 'กลุ่มงานการพยาบาล', 'คลังวัสดุการเเพทย์');


-- -------------------------------------------
-- Table: `ink_stock`
-- -------------------------------------------
DROP TABLE IF EXISTS `ink_stock`;
CREATE TABLE `ink_stock` (
  `id` int NOT NULL AUTO_INCREMENT,
  `barcode` varchar(100) NOT NULL,
  `name` varchar(100) NOT NULL,
  `type` varchar(255) CHARACTER SET utf8mb4 COLLATE utf8mb4_unicode_ci DEFAULT NULL,
  `brand` varchar(255) CHARACTER SET utf8mb4 COLLATE utf8mb4_unicode_ci DEFAULT NULL,
  `current_quantity` int DEFAULT '0',
  `min_quantity` int DEFAULT '5',
  `updated_at` timestamp NULL DEFAULT CURRENT_TIMESTAMP ON UPDATE CURRENT_TIMESTAMP,
  `model` varchar(100) DEFAULT NULL,
  `created_at` timestamp NULL DEFAULT CURRENT_TIMESTAMP,
  `deleted_at` datetime DEFAULT NULL,
  PRIMARY KEY (`id`),
  UNIQUE KEY `barcode` (`barcode`)
) ENGINE=InnoDB AUTO_INCREMENT=39 DEFAULT CHARSET=utf8mb4 COLLATE=utf8mb4_general_ci;

INSERT INTO `ink_stock` (`id`, `barcode`, `name`, `type`, `brand`, `current_quantity`, `min_quantity`, `updated_at`, `model`, `created_at`, `deleted_at`) VALUES
('6', '4977766748155', '5000Y', 'น้ำหมึกInkjet', 'Brother', '5', '3', '2026-05-18 13:37:16', '', '2026-05-18 13:13:46', NULL),
('7', '8885007027876', '003BK', 'น้ำหมึกInkjet', 'Epson', '21', '3', '2026-05-18 13:16:52', '', '2026-05-18 13:13:54', NULL),
('8', '4977766748131', '5000C', 'น้ำหมึกInkjet', 'Brother', '6', '3', '2026-05-18 13:36:33', '', '2026-05-18 13:14:51', NULL),
('9', '4977766748148', '5000M', 'น้ำหมึกInkjet', 'Brother', '6', '3', '2026-05-18 13:35:21', '', '2026-05-18 13:16:21', NULL),
('10', '8885007027937', '003Y', 'น้ำหมึกInkjet', 'Epson', '6', '3', '2026-05-18 13:19:35', '', '2026-05-18 13:18:56', NULL),
('11', '4977766837101', 'D100M', 'น้ำหมึกInkjet', 'Brother', '1', '3', '2026-05-18 13:19:41', '', '2026-05-18 13:19:30', NULL),
('12', '4977766837095', 'D100C', 'น้ำหมึกInkjet', 'Brother', '1', '3', '2026-05-18 13:20:33', '', '2026-05-18 13:20:33', NULL),
('13', '4977766837118', 'D100Y', 'น้ำหมึกInkjet', 'Brother', '1', '3', '2026-05-18 13:21:26', '', '2026-05-18 13:21:26', NULL),
('14', 'R.EPSON', 'LQ-310', 'ผ้าหมึกRefill', 'Epson', '17', '3', '2026-05-18 13:47:51', '', '2026-05-18 13:21:49', NULL),
('15', '4977766837088', 'D100BK', 'น้ำหมึกInkjet', 'Brother', '3', '3', '2026-05-18 13:35:45', '', '2026-05-18 13:22:08', NULL),
('16', '4977766748124', '6000BK', 'น้ำหมึกInkjet', 'Brother', '12', '3', '2026-05-18 13:34:57', '', '2026-05-18 13:22:46', NULL),
('17', '8885007027913', '003M', 'น้ำหมึกInkjet', 'Epson', '3', '3', '2026-05-18 13:27:42', '', '2026-05-18 13:24:47', NULL),
('18', '4977766786324', 'D60BK', 'น้ำหมึกInkjet', 'Brother', '12', '3', '2026-05-18 13:36:55', '', '2026-05-18 13:24:53', NULL),
('19', '8885007027890', '003C', 'น้ำหมึกInkjet', 'Epson', '5', '3', '2026-05-18 13:59:30', '', '2026-05-18 13:27:29', NULL),
('20', '8885007020242', '664C', 'น้ำหมึกInkjet', 'Epson', '3', '3', '2026-05-18 13:29:20', '', '2026-05-18 13:29:20', NULL),
('21', '8885007020259', '664M', 'น้ำหมึกInkjet', 'HP', '2', '3', '2026-05-18 13:31:15', '', '2026-05-18 13:31:15', NULL),
('22', '8885007020235', '664BK', 'น้ำหมึกInkjet', 'Epson', '2', '3', '2026-05-18 13:31:48', '', '2026-05-18 13:31:48', NULL),
('23', '8885007020266', '664Y', 'น้ำหมึกInkjet', 'Epson', '1', '3', '2026-05-18 13:32:29', '', '2026-05-18 13:32:29', NULL),
('24', '889296713128', 'GT52M', 'น้ำหมึกInkjet', 'HP', '4', '3', '2026-05-18 13:39:04', '', '2026-05-18 13:39:04', NULL),
('25', '889296713135', 'GT52Y', 'น้ำหมึกInkjet', 'HP', '2', '3', '2026-05-18 13:39:54', '', '2026-05-18 13:39:54', NULL),
('26', '889296713111', 'GT52C', 'น้ำหมึกInkjet', 'HP', '3', '3', '2026-05-18 13:40:25', '', '2026-05-18 13:40:25', NULL),
('27', '192545527569', 'GT53K', 'น้ำหมึกInkjet', 'HP', '8', '3', '2026-05-18 13:43:56', '', '2026-05-18 13:41:04', NULL),
('28', 'EPSON', 'LQ300', 'ตลับผ้าหมึก', 'Epson', '3', '3', '2026-05-18 13:50:27', '', '2026-05-18 13:50:27', NULL),
('29', '8858645410492', 'TN2380', 'เลเซอร์', 'Saturn', '1', '3', '2026-05-18 13:54:21', '', '2026-05-18 13:54:21', NULL),
('30', '8858645411338', 'Universal285', 'เลเซอร์', 'Saturn', '6', '3', '2026-05-18 14:05:12', '', '2026-05-18 13:55:42', NULL),
('31', '8858645404668', '12A', 'เลเซอร์', 'Saturn', '3', '3', '2026-05-18 14:07:23', '', '2026-05-18 13:56:37', NULL),
('32', '8858645413707', 'W1107A', 'เลเซอร์', 'Saturn', '2', '3', '2026-05-18 14:06:51', '', '2026-05-18 13:57:14', NULL),
('33', '8858645404521', 'TN2280', 'เลเซอร์', 'Saturn', '4', '3', '2026-05-18 14:02:11', '', '2026-05-18 14:02:11', NULL),
('34', '8858645413158', 'CF276A', 'เลเซอร์', 'Saturn', '5', '3', '2026-05-18 14:04:17', '', '2026-05-18 14:04:17', NULL),
('35', '8858645404767', '280A', 'เลเซอร์', 'Saturn', '3', '3', '2026-05-18 14:05:38', '', '2026-05-18 14:05:38', NULL),
('36', '8858645409069', 'TN1000', 'เลเซอร์', 'Saturn', '4', '3', '2026-05-18 14:06:29', '', '2026-05-18 14:06:29', NULL),
('37', '8858645411703', 'CF230A', 'เลเซอร์', 'Saturn', '2', '3', '2026-05-18 14:07:58', '', '2026-05-18 14:07:58', NULL),
('38', '01541120', 'TN2380', 'เลเซอร์', 'Saturn', '4', '3', '2026-05-18 14:08:32', '', '2026-05-18 14:08:32', NULL);


-- -------------------------------------------
-- Table: `ink_transactions`
-- -------------------------------------------
DROP TABLE IF EXISTS `ink_transactions`;
CREATE TABLE `ink_transactions` (
  `id` int NOT NULL AUTO_INCREMENT,
  `ink_id` int DEFAULT NULL,
  `printer_id` int DEFAULT NULL,
  `type` enum('in','out') NOT NULL,
  `quantity` int NOT NULL,
  `transaction_date` timestamp NULL DEFAULT CURRENT_TIMESTAMP,
  `fiscal_year` varchar(10) DEFAULT NULL,
  PRIMARY KEY (`id`),
  KEY `ink_id` (`ink_id`),
  KEY `printer_id` (`printer_id`),
  CONSTRAINT `ink_transactions_ibfk_1` FOREIGN KEY (`ink_id`) REFERENCES `ink_stock` (`id`),
  CONSTRAINT `ink_transactions_ibfk_2` FOREIGN KEY (`printer_id`) REFERENCES `printers` (`id`)
) ENGINE=InnoDB AUTO_INCREMENT=33 DEFAULT CHARSET=utf8mb4 COLLATE=utf8mb4_general_ci;

INSERT INTO `ink_transactions` (`id`, `ink_id`, `printer_id`, `type`, `quantity`, `transaction_date`, `fiscal_year`) VALUES
('11', '7', NULL, 'in', '1', '2026-05-18 13:14:30', '2569'),
('12', '7', NULL, 'in', '1', '2026-05-18 13:14:42', '2569'),
('13', '7', NULL, 'in', '1', '2026-05-18 13:15:26', '2569'),
('14', '7', NULL, 'in', '1', '2026-05-18 13:16:52', '2569'),
('15', '10', NULL, 'in', '1', '2026-05-18 13:19:35', '2569'),
('16', '16', NULL, 'in', '9', '2026-05-18 13:23:26', '2569'),
('17', '16', NULL, 'in', '1', '2026-05-18 13:34:40', '2569'),
('18', '16', NULL, 'in', '1', '2026-05-18 13:34:57', '2569'),
('19', '9', NULL, 'in', '4', '2026-05-18 13:35:21', '2569'),
('20', '15', NULL, 'in', '2', '2026-05-18 13:35:45', '2569'),
('21', '8', NULL, 'in', '4', '2026-05-18 13:36:33', '2569'),
('22', '18', NULL, 'in', '3', '2026-05-18 13:36:55', '2569'),
('23', '6', NULL, 'in', '4', '2026-05-18 13:37:16', '2569'),
('24', '27', NULL, 'in', '1', '2026-05-18 13:41:41', '2569'),
('25', '27', NULL, 'in', '1', '2026-05-18 13:41:52', '2569'),
('26', '27', NULL, 'in', '1', '2026-05-18 13:42:23', '2569'),
('27', '27', NULL, 'in', '1', '2026-05-18 13:43:56', '2569'),
('28', '30', NULL, 'in', '1', '2026-05-18 13:55:58', '2569'),
('29', '19', NULL, 'in', '1', '2026-05-18 13:59:30', '2569'),
('30', '30', NULL, 'in', '4', '2026-05-18 14:05:12', '2569'),
('31', '32', NULL, 'in', '1', '2026-05-18 14:06:51', '2569'),
('32', '31', NULL, 'in', '2', '2026-05-18 14:07:23', '2569');


-- -------------------------------------------
-- Table: `maintenance_logs`
-- -------------------------------------------
DROP TABLE IF EXISTS `maintenance_logs`;
CREATE TABLE `maintenance_logs` (
  `id` int NOT NULL AUTO_INCREMENT,
  `printer_id` int DEFAULT NULL,
  `symptoms` text,
  `cause` text,
  `action_taken` text,
  `repair_date` date DEFAULT NULL,
  `repair_time` time DEFAULT NULL,
  `technician_name` varchar(100) DEFAULT NULL,
  `status_after_repair` varchar(20) DEFAULT NULL,
  `deleted_at` datetime DEFAULT NULL,
  `fiscal_year` varchar(10) DEFAULT NULL,
  PRIMARY KEY (`id`),
  KEY `printer_id` (`printer_id`),
  CONSTRAINT `maintenance_logs_ibfk_1` FOREIGN KEY (`printer_id`) REFERENCES `printers` (`id`)
) ENGINE=InnoDB AUTO_INCREMENT=8 DEFAULT CHARSET=utf8mb4 COLLATE=utf8mb4_general_ci;


-- -------------------------------------------
-- Table: `printer_images`
-- -------------------------------------------
DROP TABLE IF EXISTS `printer_images`;
CREATE TABLE `printer_images` (
  `id` int NOT NULL AUTO_INCREMENT,
  `printer_id` int NOT NULL,
  `filename` varchar(255) NOT NULL,
  `sort_order` int DEFAULT '0',
  `created_at` timestamp NULL DEFAULT CURRENT_TIMESTAMP,
  PRIMARY KEY (`id`),
  KEY `printer_id` (`printer_id`),
  CONSTRAINT `printer_images_ibfk_1` FOREIGN KEY (`printer_id`) REFERENCES `printers` (`id`) ON DELETE CASCADE
) ENGINE=InnoDB AUTO_INCREMENT=286 DEFAULT CHARSET=utf8mb4 COLLATE=utf8mb4_general_ci;

INSERT INTO `printer_images` (`id`, `printer_id`, `filename`, `sort_order`, `created_at`) VALUES
('15', '49', 'p49_69fafdc97ebe9.jpg', '1', '2026-05-06 15:37:29'),
('16', '49', 'p49_69fafdc9a0b8e.jpg', '2', '2026-05-06 15:37:29'),
('17', '49', 'p49_69fafdc9bcdfa.jpg', '3', '2026-05-06 15:37:29'),
('18', '50', 'p50_69fafff24b4ee.jpg', '1', '2026-05-06 15:46:42'),
('19', '50', 'p50_69fafff27d198.jpg', '2', '2026-05-06 15:46:42'),
('20', '51', 'p51_69fb00e91e637.jpg', '1', '2026-05-06 15:50:49'),
('21', '51', 'p51_69fb00e95798c.jpg', '2', '2026-05-06 15:50:49'),
('22', '59', 'p59_69fb0358e8c3c.jpg', '1', '2026-05-06 16:01:12'),
('23', '59', 'p59_69fb03590e398.jpg', '2', '2026-05-06 16:01:13'),
('24', '61', 'p61_69fc411106c03.jpg', '1', '2026-05-07 14:36:49'),
('25', '61', 'p61_69fc41112945f.jpg', '2', '2026-05-07 14:36:49'),
('26', '62', 'p62_69fc421af33d7.jpg', '1', '2026-05-07 14:41:15'),
('27', '62', 'p62_69fc421b209ad.jpg', '2', '2026-05-07 14:41:15'),
('30', '63', 'p63_69fc502b250c3.jpg', '1', '2026-05-07 15:41:15'),
('31', '63', 'p63_69fc502b51e51.jpg', '2', '2026-05-07 15:41:15'),
('32', '64', 'p64_69fc505e05e1a.jpg', '1', '2026-05-07 15:42:06'),
('33', '64', 'p64_69fc506631144.jpg', '2', '2026-05-07 15:42:14'),
('34', '64', 'p64_69fc507780dbb.jpg', '3', '2026-05-07 15:42:31'),
('35', '65', 'p65_69fc5139b56dc.jpg', '1', '2026-05-07 15:45:45'),
('36', '65', 'p65_69fc5140c7ec2.jpg', '2', '2026-05-07 15:45:52'),
('37', '65', 'p65_69fc5151ebd7b.jpg', '3', '2026-05-07 15:46:09'),
('38', '66', 'p66_69fc51be69d00.jpg', '1', '2026-05-07 15:47:58'),
('39', '66', 'p66_69fc51c5a209b.jpg', '2', '2026-05-07 15:48:05'),
('40', '66', 'p66_69fc51cf53f91.jpg', '3', '2026-05-07 15:48:15'),
('41', '67', 'p67_69fc523942cc6.jpg', '1', '2026-05-07 15:50:01'),
('42', '67', 'p67_69fc52404869d.jpg', '2', '2026-05-07 15:50:08'),
('43', '67', 'p67_69fc5255c4fc9.jpg', '3', '2026-05-07 15:50:29'),
('44', '68', 'p68_69fc52cf4189c.jpg', '1', '2026-05-07 15:52:31'),
('45', '68', 'p68_69fc52d6e8bc1.jpg', '2', '2026-05-07 15:52:38'),
('46', '68', 'p68_69fc52e011609.jpg', '3', '2026-05-07 15:52:48'),
('47', '69', 'p69_69fc533f29d54.jpg', '1', '2026-05-07 15:54:23'),
('48', '69', 'p69_69fc534609779.jpg', '2', '2026-05-07 15:54:30'),
('49', '70', 'p70_69fc54062fa0b.jpg', '1', '2026-05-07 15:57:42'),
('50', '70', 'p70_69fc540b8e6d0.jpg', '2', '2026-05-07 15:57:47'),
('51', '60', 'p60_69fd3ec66df2b.jpg', '1', '2026-05-08 08:39:18'),
('52', '60', 'p60_69fd3ec685fd4.jpg', '2', '2026-05-08 08:39:18'),
('53', '73', 'p73_69fd57622bb0b.jpg', '1', '2026-05-08 10:24:18'),
('54', '73', 'p73_69fd576864e85.jpg', '2', '2026-05-08 10:24:24'),
('55', '72', 'p72_69fd57e94e29b.jpg', '1', '2026-05-08 10:26:33'),
('56', '72', 'p72_69fd57efe38ba.jpg', '2', '2026-05-08 10:26:39'),
('57', '74', 'p74_69fd608bd5a37.jpg', '1', '2026-05-08 11:03:23'),
('58', '74', 'p74_69fd6095029e7.jpg', '2', '2026-05-08 11:03:33'),
('59', '75', 'p75_69fd613576102.jpg', '1', '2026-05-08 11:06:13'),
('60', '75', 'p75_69fd613bbefe1.jpg', '2', '2026-05-08 11:06:19'),
('61', '77', 'p77_69fd65e488b74.jpg', '1', '2026-05-08 11:26:12'),
('62', '77', 'p77_69fd65f0013b9.jpg', '2', '2026-05-08 11:26:24'),
('63', '78', 'p78_69fd68329b844.jpg', '1', '2026-05-08 11:36:02'),
('64', '78', 'p78_69fd6856e01ac.jpg', '2', '2026-05-08 11:36:38'),
('65', '79', 'p79_69fd69a710006.jpg', '1', '2026-05-08 11:42:15'),
('66', '79', 'p79_69fd69b3d55ba.jpg', '2', '2026-05-08 11:42:27'),
('67', '80', 'p80_69fd6b3a29e79.jpg', '1', '2026-05-08 11:48:58'),
('68', '80', 'p80_69fd6b4167c77.jpg', '2', '2026-05-08 11:49:05'),
('69', '81', 'p81_69fd6c2fced12.jpg', '1', '2026-05-08 11:53:03'),
('70', '81', 'p81_69fd6c37a0f77.jpg', '2', '2026-05-08 11:53:11'),
('71', '82', 'p82_69fd6d358a1c2.jpg', '1', '2026-05-08 11:57:25'),
('72', '82', 'p82_69fd6d4c85ece.jpg', '2', '2026-05-08 11:57:48'),
('73', '83', 'p83_69fd6f7b41e28.jpg', '1', '2026-05-08 12:07:07'),
('74', '83', 'p83_69fd6f81ba7a2.jpg', '2', '2026-05-08 12:07:13'),
('75', '83', 'p83_69fd6f8e3d511.jpg', '3', '2026-05-08 12:07:26'),
('77', '84', 'p84_69fd7032e535a.jpg', '0', '2026-05-08 12:10:10'),
('78', '84', 'p84_69fd703cde4b9.jpg', '1', '2026-05-08 12:10:20'),
('79', '85', 'p85_69fd71d0c45ba.jpg', '0', '2026-05-08 12:17:04'),
('80', '85', 'p85_69fd71d859b34.jpg', '1', '2026-05-08 12:17:12'),
('81', '87', 'p87_69fd8f0721591.jpg', '1', '2026-05-08 14:21:43'),
('82', '87', 'p87_69fd8f0dc05d9.jpg', '2', '2026-05-08 14:21:49'),
('83', '88', 'p88_69fd8fff1ed72.jpg', '1', '2026-05-08 14:25:51'),
('84', '88', 'p88_69fd90046647b.jpg', '2', '2026-05-08 14:25:56'),
('87', '90', 'p90_69fd924336a74.jpg', '1', '2026-05-08 14:35:31'),
('88', '90', 'p90_69fd92489d69d.jpg', '2', '2026-05-08 14:35:36'),
('89', '91', 'p91_69fd9528eae0c.jpg', '1', '2026-05-08 14:47:52'),
('90', '91', 'p91_69fd952eaf02f.jpg', '2', '2026-05-08 14:47:58'),
('91', '92', 'p92_69fd97cd8ca24.jpg', '1', '2026-05-08 14:59:09'),
('92', '92', 'p92_69fd97d32b2b6.jpg', '2', '2026-05-08 14:59:15'),
('93', '93', 'p93_69fd98f49288f.jpg', '1', '2026-05-08 15:04:04'),
('94', '93', 'p93_69fd98f931cc5.jpg', '2', '2026-05-08 15:04:09'),
('95', '94', 'p94_69fd9b40d8671.jpg', '1', '2026-05-08 15:13:52'),
('96', '94', 'p94_69fd9b45d2dec.jpg', '2', '2026-05-08 15:13:57'),
('97', '95', 'p95_6a013bd2e1074.jpg', '1', '2026-05-11 09:15:46'),
('98', '95', 'p95_6a013bd89a24a.jpg', '2', '2026-05-11 09:15:52'),
('99', '96', 'p96_6a013d0765eea.jpg', '1', '2026-05-11 09:20:55'),
('100', '96', 'p96_6a013d0c4e079.jpg', '2', '2026-05-11 09:21:00'),
('101', '97', 'p97_6a013db0e3f46.jpg', '1', '2026-05-11 09:23:44'),
('102', '97', 'p97_6a013db570e36.jpg', '2', '2026-05-11 09:23:49'),
('103', '98', 'p98_6a013e51943e7.jpg', '1', '2026-05-11 09:26:25'),
('104', '98', 'p98_6a013e576bd72.jpg', '2', '2026-05-11 09:26:31'),
('105', '99', 'p99_6a01487fea011.jpg', '1', '2026-05-11 10:09:51'),
('106', '99', 'p99_6a014886d224c.jpg', '2', '2026-05-11 10:09:58'),
('107', '100', 'p100_6a014989eac2b.jpg', '1', '2026-05-11 10:14:17'),
('108', '100', 'p100_6a0149950892a.jpg', '2', '2026-05-11 10:14:29'),
('109', '101', 'p101_6a014a6900a3c.jpg', '1', '2026-05-11 10:18:01'),
('110', '101', 'p101_6a014a6d35a36.jpg', '2', '2026-05-11 10:18:05'),
('111', '102', 'p102_6a014b0928a5e.jpg', '1', '2026-05-11 10:20:41'),
('112', '102', 'p102_6a014b0daea0f.jpg', '2', '2026-05-11 10:20:45'),
('113', '103', 'p103_6a014b705cc99.jpg', '1', '2026-05-11 10:22:24'),
('114', '103', 'p103_6a014b7497337.jpg', '2', '2026-05-11 10:22:28'),
('115', '104', 'p104_6a014be509608.jpg', '1', '2026-05-11 10:24:21'),
('116', '104', 'p104_6a014be8cb9e1.jpg', '2', '2026-05-11 10:24:24'),
('117', '105', 'p105_6a0151382f0d6.jpg', '1', '2026-05-11 10:47:04'),
('118', '105', 'p105_6a01513c36041.jpg', '2', '2026-05-11 10:47:08'),
('119', '106', 'p106_6a0151938f388.jpg', '1', '2026-05-11 10:48:35'),
('120', '106', 'p106_6a01519789b0b.jpg', '2', '2026-05-11 10:48:39'),
('121', '108', 'p108_6a01568a4cbe5.jpg', '1', '2026-05-11 11:09:46'),
('122', '108', 'p108_6a0156907e6e3.jpg', '2', '2026-05-11 11:09:52'),
('123', '108', 'p108_6a015695eedca.jpg', '3', '2026-05-11 11:09:57'),
('124', '109', 'p109_6a0158a88c5aa.jpg', '1', '2026-05-11 11:18:48'),
('125', '109', 'p109_6a0158b1c0e51.jpg', '2', '2026-05-11 11:18:57'),
('129', '110', 'p110_6a015ca342e15.jpg', '1', '2026-05-11 11:35:47'),
('130', '111', 'p111_6a015d8e27464.jpg', '0', '2026-05-11 11:39:42'),
('132', '111', 'p111_6a015db08b18b.jpg', '1', '2026-05-11 11:40:16'),
('133', '110', 'p110_6a015ddc12249.jpg', '0', '2026-05-11 11:41:00'),
('134', '112', 'p112_6a015ec879e43.jpg', '1', '2026-05-11 11:44:56'),
('135', '112', 'p112_6a015ecfbd7b1.jpg', '2', '2026-05-11 11:45:03'),
('136', '113', 'p113_6a015f03ab2a3.jpg', '1', '2026-05-11 11:45:55'),
('137', '113', 'p113_6a015f0f0cba0.jpg', '2', '2026-05-11 11:46:07'),
('138', '114', 'p114_6a016029ae4f8.jpg', '1', '2026-05-11 11:50:49'),
('139', '114', 'p114_6a01602f1ef1b.jpg', '2', '2026-05-11 11:50:55'),
('140', '115', 'p115_6a01607d99a84.jpg', '0', '2026-05-11 11:52:13'),
('142', '115', 'p115_6a016093c38d3.jpg', '1', '2026-05-11 11:52:35'),
('143', '117', 'p117_6a01612ecefb3.jpg', '1', '2026-05-11 11:55:10'),
('144', '117', 'p117_6a01614377990.jpg', '2', '2026-05-11 11:55:31'),
('145', '116', 'p116_6a016176bfae3.jpg', '1', '2026-05-11 11:56:22'),
('146', '116', 'p116_6a01617f03de4.jpg', '2', '2026-05-11 11:56:31'),
('147', '118', 'p118_6a0161c104e2b.jpg', '1', '2026-05-11 11:57:37'),
('148', '118', 'p118_6a0161c63932b.jpg', '2', '2026-05-11 11:57:42'),
('149', '119', 'p119_6a01645a44ab7.jpg', '0', '2026-05-11 12:08:42'),
('151', '119', 'p119_6a016466b2094.jpg', '1', '2026-05-11 12:08:54'),
('152', '120', 'p120_6a01651fab8ac.jpg', '1', '2026-05-11 12:11:59'),
('153', '120', 'p120_6a016525970dc.jpg', '2', '2026-05-11 12:12:05'),
('154', '121', 'p121_6a0165f095e5a.jpg', '1', '2026-05-11 12:15:28'),
('155', '121', 'p121_6a0165f53722b.jpg', '2', '2026-05-11 12:15:33'),
('156', '122', 'p122_6a016863ef4a7.jpg', '1', '2026-05-11 12:25:55'),
('157', '122', 'p122_6a01686a5bfb7.jpg', '2', '2026-05-11 12:26:02'),
('158', '123', 'p123_6a01696895d99.jpg', '1', '2026-05-11 12:30:16'),
('159', '123', 'p123_6a01697dcfe6c.jpg', '2', '2026-05-11 12:30:37'),
('160', '124', 'p124_6a0169c8304b5.jpg', '1', '2026-05-11 12:31:52'),
('161', '124', 'p124_6a0169cd11244.jpg', '2', '2026-05-11 12:31:57'),
('162', '125', 'p125_6a016b3d22653.jpg', '1', '2026-05-11 12:38:05'),
('163', '125', 'p125_6a016b440effc.jpg', '2', '2026-05-11 12:38:12'),
('164', '126', 'p126_6a016bdd2eaa0.jpg', '1', '2026-05-11 12:40:45'),
('165', '126', 'p126_6a016bdf9df73.jpg', '2', '2026-05-11 12:40:47'),
('166', '127', 'p127_6a016c7eef7dd.jpg', '1', '2026-05-11 12:43:26'),
('167', '127', 'p127_6a016c87e1df8.jpg', '2', '2026-05-11 12:43:35'),
('168', '128', 'p128_6a016cb550d82.jpg', '1', '2026-05-11 12:44:21'),
('169', '128', 'p128_6a016cb707793.jpg', '2', '2026-05-11 12:44:23'),
('170', '129', 'p129_6a016d6567dc9.jpg', '1', '2026-05-11 12:47:17'),
('171', '129', 'p129_6a016d6b3a8f1.jpg', '2', '2026-05-11 12:47:23'),
('172', '131', 'p131_6a016e15dddd8.jpg', '1', '2026-05-11 12:50:13'),
('173', '131', 'p131_6a016e1d7dc72.jpg', '2', '2026-05-11 12:50:21'),
('174', '132', 'p132_6a016e47112a4.jpg', '1', '2026-05-11 12:51:03'),
('175', '132', 'p132_6a016e4e2ec4d.jpg', '2', '2026-05-11 12:51:10'),
('176', '130', 'p130_6a016e802696d.jpg', '1', '2026-05-11 12:52:00'),
('177', '130', 'p130_6a016e93965eb.jpg', '2', '2026-05-11 12:52:19'),
('178', '133', 'p133_6a017ff7013fd.jpg', '1', '2026-05-11 14:06:31'),
('179', '133', 'p133_6a017ffac60aa.jpg', '2', '2026-05-11 14:06:34'),
('180', '134', 'p134_6a01819b93e8f.jpg', '1', '2026-05-11 14:13:31'),
('181', '134', 'p134_6a0181a05ee47.jpg', '2', '2026-05-11 14:13:36'),
('182', '137', 'p137_6a0185fd7ed6a.jpg', '1', '2026-05-11 14:32:13'),
('183', '137', 'p137_6a01860a54fbe.jpg', '2', '2026-05-11 14:32:26'),
('184', '138', 'p138_6a018697d3b82.jpg', '1', '2026-05-11 14:34:47'),
('185', '138', 'p138_6a01869d2e8a1.jpg', '2', '2026-05-11 14:34:53'),
('187', '139', 'p139_6a018794b912a.jpg', '1', '2026-05-11 14:39:00'),
('188', '139', 'p139_6a01879aaf011.jpg', '2', '2026-05-11 14:39:06'),
('189', '140', 'p140_6a0188f4a68fa.jpg', '1', '2026-05-11 14:44:52'),
('190', '140', 'p140_6a018920bdf22.jpg', '2', '2026-05-11 14:45:36'),
('192', '141', 'p141_6a018a5451ca7.jpg', '1', '2026-05-11 14:50:44'),
('193', '141', 'p141_6a018a58e4e47.jpg', '2', '2026-05-11 14:50:48'),
('194', '142', 'p142_6a018d019345d.jpg', '1', '2026-05-11 15:02:09'),
('195', '142', 'p142_6a018d0883e81.jpg', '2', '2026-05-11 15:02:16'),
('196', '143', 'p143_6a018d98159c6.jpg', '1', '2026-05-11 15:04:40'),
('197', '143', 'p143_6a018da17e2eb.jpg', '2', '2026-05-11 15:04:49'),
('198', '144', 'p144_6a018f76cedd6.jpg', '1', '2026-05-11 15:12:38'),
('199', '144', 'p144_6a018f7ca06aa.jpg', '2', '2026-05-11 15:12:44'),
('200', '145', 'p145_6a0190504635f.jpg', '1', '2026-05-11 15:16:16'),
('201', '145', 'p145_6a0190540023a.jpg', '2', '2026-05-11 15:16:20'),
('202', '146', 'p146_6a0190dc5426c.jpg', '1', '2026-05-11 15:18:36'),
('203', '146', 'p146_6a0190e0e700b.jpg', '2', '2026-05-11 15:18:40'),
('204', '147', 'p147_6a01918966471.jpg', '1', '2026-05-11 15:21:29'),
('205', '147', 'p147_6a01918ddc691.jpg', '2', '2026-05-11 15:21:33'),
('206', '148', 'p148_6a01923aa387e.jpg', '1', '2026-05-11 15:24:26'),
('207', '148', 'p148_6a0192477533b.jpg', '2', '2026-05-11 15:24:39'),
('208', '149', 'p149_6a0195fbad401.jpg', '1', '2026-05-11 15:40:27'),
('209', '149', 'p149_6a01960a2da24.jpg', '2', '2026-05-11 15:40:42'),
('210', '150', 'p150_6a028f1de6d43.jpg', '1', '2026-05-12 09:23:25'),
('211', '150', 'p150_6a028f228ba1a.jpg', '2', '2026-05-12 09:23:30'),
('212', '151', 'p151_6a028fac77a24.jpg', '1', '2026-05-12 09:25:48'),
('213', '151', 'p151_6a028fb261b7d.jpg', '2', '2026-05-12 09:25:54'),
('214', '152', 'p152_6a029045eeadd.jpg', '1', '2026-05-12 09:28:21'),
('215', '152', 'p152_6a02904acbb90.jpg', '2', '2026-05-12 09:28:26'),
('216', '153', 'p153_6a0290f4c29b6.jpg', '1', '2026-05-12 09:31:16'),
('217', '153', 'p153_6a029101d614c.jpg', '2', '2026-05-12 09:31:29'),
('218', '154', 'p154_6a02917cd54c3.jpg', '1', '2026-05-12 09:33:32'),
('219', '154', 'p154_6a02918444ff2.jpg', '2', '2026-05-12 09:33:40'),
('220', '156', 'p156_6a02937ab156b.jpg', '1', '2026-05-12 09:42:02'),
('221', '156', 'p156_6a0293811aed4.jpg', '2', '2026-05-12 09:42:09'),
('222', '157', 'p157_6a029454463c2.jpg', '1', '2026-05-12 09:45:40'),
('223', '157', 'p157_6a02945d48c6f.jpg', '2', '2026-05-12 09:45:49'),
('224', '158', 'p158_6a0294febe74c.jpg', '1', '2026-05-12 09:48:30'),
('225', '158', 'p158_6a02950344e32.jpg', '2', '2026-05-12 09:48:35'),
('226', '159', 'p159_6a0295f4c8150.jpg', '1', '2026-05-12 09:52:36'),
('227', '159', 'p159_6a0295f955607.jpg', '2', '2026-05-12 09:52:41'),
('228', '160', 'p160_6a02969b3c00a.jpg', '1', '2026-05-12 09:55:23'),
('229', '160', 'p160_6a02969f9dbd1.jpg', '2', '2026-05-12 09:55:27'),
('230', '161', 'p161_6a0297095ce21.jpg', '1', '2026-05-12 09:57:13'),
('231', '161', 'p161_6a02970f4e9d8.jpg', '2', '2026-05-12 09:57:19'),
('232', '162', 'p162_6a02978ad7c51.jpg', '1', '2026-05-12 09:59:22'),
('233', '162', 'p162_6a02978f4650d.jpg', '2', '2026-05-12 09:59:27'),
('234', '163', 'p163_6a029d2828ec9.jpg', '1', '2026-05-12 10:23:20'),
('235', '163', 'p163_6a029d6fa2eac.jpg', '2', '2026-05-12 10:24:31'),
('236', '164', 'p164_6a029dde23c29.jpg', '1', '2026-05-12 10:26:22'),
('237', '164', 'p164_6a029de6a039c.jpg', '2', '2026-05-12 10:26:30'),
('240', '107', 'p107_6a02af505231b.jpg', '1', '2026-05-12 11:40:48'),
('241', '107', 'p107_6a02af50773c0.jpg', '2', '2026-05-12 11:40:48'),
('242', '171', 'p171_6a02b43919ca5.jpg', '1', '2026-05-12 12:01:45'),
('243', '171', 'p171_6a02b4393a1ff.jpg', '2', '2026-05-12 12:01:45'),
('244', '172', 'p172_6a02b4c82cb87.jpg', '1', '2026-05-12 12:04:08'),
('245', '172', 'p172_6a02b4c84bfec.jpg', '2', '2026-05-12 12:04:08'),
('246', '173', 'p173_6a02b551d6ccb.jpg', '1', '2026-05-12 12:06:25'),
('247', '173', 'p173_6a02b55201467.jpg', '2', '2026-05-12 12:06:26'),
('248', '174', 'p174_6a02bd8773759.jpg', '1', '2026-05-12 12:41:27'),
('249', '174', 'p174_6a02bd8e786e0.jpg', '2', '2026-05-12 12:41:34'),
('250', '175', 'p175_6a02bded29e43.jpg', '1', '2026-05-12 12:43:09'),
('251', '175', 'p175_6a02bdf2ac15a.jpg', '2', '2026-05-12 12:43:14'),
('252', '176', 'p176_6a02bf146cb5a.jpg', '1', '2026-05-12 12:48:04'),
('253', '176', 'p176_6a02bf1910e1a.jpg', '2', '2026-05-12 12:48:09'),
('254', '177', 'p177_6a02bfdba12e9.jpg', '1', '2026-05-12 12:51:23'),
('255', '177', 'p177_6a02bfe14b646.jpg', '2', '2026-05-12 12:51:29'),
('256', '179', 'p179_6a02c11db57cb.jpg', '1', '2026-05-12 12:56:45'),
('257', '179', 'p179_6a02c124480e0.jpg', '2', '2026-05-12 12:56:52'),
('258', '183', 'p183_6a02dc8f61038.jpg', '1', '2026-05-12 14:53:51'),
('259', '183', 'p183_6a02dc988c5e5.jpg', '2', '2026-05-12 14:54:00'),
('260', '184', 'p184_6a02dd15ab963.jpg', '1', '2026-05-12 14:56:05'),
('261', '184', 'p184_6a02dd1e10a0e.jpg', '2', '2026-05-12 14:56:14'),
('262', '185', 'p185_6a02e0504d821.jpg', '1', '2026-05-12 15:09:52'),
('263', '185', 'p185_6a02e058b8082.jpg', '2', '2026-05-12 15:10:00'),
('264', '186', 'p186_6a02e0c688ee4.jpg', '1', '2026-05-12 15:11:50'),
('265', '186', 'p186_6a02e0d4650f7.jpg', '2', '2026-05-12 15:12:04'),
('266', '187', 'p187_6a02e153929a7.jpg', '1', '2026-05-12 15:14:11'),
('267', '187', 'p187_6a02e15cbeebb.jpg', '2', '2026-05-12 15:14:20'),
('268', '188', 'p188_6a02e3806f58f.jpg', '1', '2026-05-12 15:23:28'),
('269', '188', 'p188_6a02e384d63b6.jpg', '2', '2026-05-12 15:23:32'),
('270', '189', 'p189_6a02e41705309.jpg', '1', '2026-05-12 15:25:59'),
('271', '189', 'p189_6a02e41b7b5e9.jpg', '2', '2026-05-12 15:26:03'),
('272', '190', 'p190_6a052cc104332.jpg', '1', '2026-05-14 09:00:33'),
('273', '190', 'p190_6a052cc12264b.jpg', '2', '2026-05-14 09:00:33'),
('274', '191', 'p191_6a054b8de33fe.jpg', '1', '2026-05-14 11:11:57'),
('275', '191', 'p191_6a054b949917b.jpg', '2', '2026-05-14 11:12:04'),
('276', '181', 'p181_6a056b2a7b227.jpg', '1', '2026-05-14 13:26:50'),
('277', '181', 'p181_6a056b2ab0b8d.jpg', '2', '2026-05-14 13:26:50'),
('278', '180', 'p180_6a056b485746c.jpg', '1', '2026-05-14 13:27:20'),
('279', '180', 'p180_6a056b488a951.jpg', '2', '2026-05-14 13:27:20'),
('280', '182', 'p182_6a056b5b0a046.jpg', '1', '2026-05-14 13:27:39'),
('281', '182', 'p182_6a056b5b3fe63.jpg', '2', '2026-05-14 13:27:39'),
('282', '71', 'p71_6a0abc7564843.jpg', '1', '2026-05-18 14:15:01'),
('283', '192', 'p192_6a0ac3cf458a4.jpg', '0', '2026-05-18 14:46:23'),
('285', '194', 'p194_6a0ad5382790c.jpg', '1', '2026-05-18 16:00:40');


-- -------------------------------------------
-- Table: `printer_movements`
-- -------------------------------------------
DROP TABLE IF EXISTS `printer_movements`;
CREATE TABLE `printer_movements` (
  `id` int NOT NULL AUTO_INCREMENT,
  `printer_id` int NOT NULL,
  `old_department` varchar(255) COLLATE utf8mb4_unicode_ci DEFAULT NULL,
  `new_department` varchar(255) COLLATE utf8mb4_unicode_ci DEFAULT NULL,
  `old_location` varchar(255) COLLATE utf8mb4_unicode_ci DEFAULT NULL,
  `new_location` varchar(255) COLLATE utf8mb4_unicode_ci DEFAULT NULL,
  `moved_at` timestamp NULL DEFAULT CURRENT_TIMESTAMP,
  PRIMARY KEY (`id`),
  KEY `printer_id` (`printer_id`),
  CONSTRAINT `printer_movements_ibfk_1` FOREIGN KEY (`printer_id`) REFERENCES `printers` (`id`) ON DELETE CASCADE
) ENGINE=InnoDB AUTO_INCREMENT=3 DEFAULT CHARSET=utf8mb4 COLLATE=utf8mb4_unicode_ci;


-- -------------------------------------------
-- Table: `printers`
-- -------------------------------------------
DROP TABLE IF EXISTS `printers`;
CREATE TABLE `printers` (
  `id` int NOT NULL AUTO_INCREMENT,
  `serial_number` varchar(100) NOT NULL,
  `brand` varchar(50) DEFAULT NULL,
  `model` varchar(100) DEFAULT NULL,
  `department` varchar(100) DEFAULT NULL,
  `status` enum('normal','repairing','broken','retired') DEFAULT 'normal',
  `qr_code_id` varchar(50) DEFAULT NULL,
  `created_at` timestamp NULL DEFAULT CURRENT_TIMESTAMP,
  `deleted_at` datetime DEFAULT NULL,
  `year_be` varchar(10) DEFAULT NULL,
  `location` varchar(255) DEFAULT NULL,
  `retired_at` datetime DEFAULT NULL,
  `retired_reason` text,
  PRIMARY KEY (`id`),
  UNIQUE KEY `qr_code_id` (`qr_code_id`)
) ENGINE=InnoDB AUTO_INCREMENT=195 DEFAULT CHARSET=utf8mb4 COLLATE=utf8mb4_general_ci;

INSERT INTO `printers` (`id`, `serial_number`, `brand`, `model`, `department`, `status`, `qr_code_id`, `created_at`, `deleted_at`, `year_be`, `location`, `retired_at`, `retired_reason`) VALUES
('49', '7440-002-0006-69-0002', 'Epson', 'L3210', 'กลุ่มงานเทคนิคการแพทย์', 'normal', 'PRN-3A93CC69', '2026-05-06 15:34:44', NULL, '2569', 'ห้องเจาะเลือด', NULL, NULL),
('50', '-', 'Brother', 'DCP-T700W', 'กลุ่มงานเทคนิคการแพทย์', 'normal', 'PRN-FDA69FA7', '2026-05-06 15:45:47', NULL, '', 'แลปตรวจเลือด', NULL, NULL),
('51', '7440-002-0006-59-0109', 'Brother', 'DCP-T300', 'กลุ่มงานเทคนิคการแพทย์', 'normal', 'PRN-DB4BF6A0', '2026-05-06 15:50:05', NULL, '2569', 'แลปตรวจเลือด(หน้าห้องหัวหน้า)', NULL, NULL),
('59', '.', 'HP', 'Laser Jet P1102', 'กลุ่มงานเทคนิคการแพทย์', 'normal', 'PRN-4C9CE57D', '2026-05-06 15:58:34', NULL, '', 'ธนาคารเลือด ใต้โต๊ะ', NULL, NULL),
('60', '-', 'Brother', 'DCP-T300', 'ร้านอาหารใบไม้', 'normal', 'PRN-7146EDE3', '2026-05-07 13:13:44', NULL, '', 'เคาน์เตอร์', NULL, NULL),
('61', '7440-002-0006-67-0210', 'HP', 'Laser MFP-135a', 'โภชนาการ', 'normal', 'PRN-91599FB9', '2026-05-07 14:36:24', NULL, '2567', 'โต๊ะหน้า', NULL, NULL),
('62', '-', 'HP', 'Smart Tank-500', 'โภชนาการ', 'normal', 'PRN-DBC1FF90', '2026-05-07 14:41:00', NULL, '', 'ข้างเครื่องคอม food 2', NULL, NULL),
('63', '7440-002-0006-66-0200', 'Brother', 'DCP T-220', 'คลินิกพิเศษ NCD', 'normal', 'PRN-C8831D56', '2026-05-07 15:40:21', NULL, '2566', 'ห้องตรวจ4', NULL, NULL),
('64', '7440-002-0006-63-0164', 'Brother', 'DCP-T310', 'คลินิกพิเศษ NCD', 'normal', 'PRN-DFFB03BF', '2026-05-07 15:41:45', NULL, '2563', 'ห้องตรวจ3', NULL, NULL),
('65', '-', 'Epson', 'L3210', 'คลินิกพิเศษ NCD', 'normal', 'PRN-239C035B', '2026-05-07 15:45:30', NULL, '', 'หน้าห้องตรวจ4', NULL, NULL),
('66', '7440-002-0006-67-0208', 'Epson', 'L3210', 'คลินิกพิเศษ NCD', 'normal', 'PRN-09B28A88', '2026-05-07 15:47:47', NULL, '2567', 'ห้องตรวจ2', NULL, NULL),
('67', '7440-002-0006-59-0117', 'Brother', 'DCP-T300', 'คลินิกพิเศษ NCD', 'normal', 'PRN-8958A147', '2026-05-07 15:49:50', NULL, '2559', 'ห้องตรวจ1', NULL, NULL),
('68', '7440-002-0006-61-0145', 'Brother', 'DCP-T300', 'คลินิกพิเศษ NCD', 'normal', 'PRN-6C10A036', '2026-05-07 15:52:15', NULL, '2561', 'โต๊ะหน้าประตูทางเข้า', NULL, NULL),
('69', '7440-002-0006-62-0162', 'Brother', 'DCP-T310', 'คลินิกพิเศษ NCD', 'normal', 'PRN-AF302C0C', '2026-05-07 15:54:03', NULL, '2562', 'โต๊ะซักประวัติ', NULL, NULL),
('70', '7440-002-0006-59-0116', 'Brother', 'DCP-T300', 'คลินิกพิเศษ NCD', 'normal', 'PRN-2DAF7C6F', '2026-05-07 15:57:29', NULL, '2559', 'หลังพบแพทย์', NULL, NULL),
('71', '-', 'HP', 'Laser Jet 1020', 'ร้านอาหารใบไม้', 'normal', 'PRN-98D48BC8', '2026-05-08 08:41:35', NULL, '', 'ในตู้ใต้เคาน์เตอร์', NULL, NULL),
('72', '7440-002-0006-68-0229', 'Epson', 'Tank L3210', 'ตึกชาย', 'normal', 'PRN-49EA51E3', '2026-05-08 10:17:49', NULL, '-', 'โต๊ะหน้าอ่างล้างมือ', NULL, NULL),
('73', '7440-002-0006-65-0180', 'Brother', 'DCP-T520W', 'ตึกชาย', 'normal', 'PRN-6465290A', '2026-05-08 10:24:01', NULL, '2565', 'โต๊ะหน้าเคาน์เตอร์', NULL, NULL),
('74', '7440-002-0006-68-0218', 'Epson', 'Tank L3210', 'ตึกหญิง', 'normal', 'PRN-D180E438', '2026-05-08 11:03:10', NULL, '', 'โต๊ะเคาน์เตอร์ ข้างเครื่อง 1', NULL, NULL),
('75', '7440-002-0006-65-0184', 'Brother', 'DCP-T420W', 'ตึกหญิง', 'normal', 'PRN-86681F9A', '2026-05-08 11:05:45', NULL, '2565', 'โต๊ะหน้าอ่างล้างมือ', NULL, NULL),
('77', '7440-002-0006-57-0085', 'Brother', 'DCP - J100', 'กลุ่มงานทันตกรรม', 'normal', 'PRN-47A66CCC', '2026-05-08 11:25:58', NULL, '2557', 'โต๊ะเคาน์เตอร์หน้าทางเข้า', NULL, NULL),
('78', '7440-002-0006-58-0104', 'Brother', 'DCP - J105', 'กลุ่มงานทันตกรรม', 'normal', 'PRN-CC23F553', '2026-05-08 11:35:46', NULL, '2558', 'ห้องตรวจ2', NULL, NULL),
('79', '7440-002-0006-63-0165', 'Brother', 'DCP -T310', 'กลุ่มงานทันตกรรม', 'normal', 'PRN-828937C2', '2026-05-08 11:41:49', NULL, '2563', 'ในห้องประชุม', NULL, NULL),
('80', '7440-002-0006-60-0138', 'Brother', 'DCP - T300', 'กลุ่มงานทันตกรรม', 'normal', 'PRN-A1E21A1D', '2026-05-08 11:47:39', NULL, '2560', 'ห้องตรวจ3', NULL, NULL),
('81', '7440-002-0006-61-0146', 'Brother', 'DCP -T300', 'กลุ่มงานทันตกรรม', 'normal', 'PRN-088B8525', '2026-05-08 11:52:47', NULL, '2561', 'ห้องตรวจ4', NULL, NULL),
('82', '7440-002-0006-63-0166', 'Brother', 'DCP - T310', 'กลุ่มงานทันตกรรม', 'normal', 'PRN-AA60EF4E', '2026-05-08 11:57:07', NULL, '2563', ' เครื่องหัวหน้า ห้อง5', NULL, NULL),
('83', '7440-002-0006-61-0147', 'Brother', 'DCP - T300', 'ตึกหญิง 2', 'normal', 'PRN-65BCE094', '2026-05-08 12:06:48', NULL, '2561', 'โต๊ะหน้าเคาน์เตอร์ ข้างเครื่องOPD2', NULL, NULL),
('84', '7440-002-0006-63-0168', 'Brother', 'DCP - T310', 'ตึกหญิง 2', 'normal', 'PRN-162671CC', '2026-05-08 12:09:47', NULL, '2563', 'โต๊ะเคาน์เตอร์ระหว่างเครื่อง OPD 1-3', NULL, NULL),
('85', '7440-002-0006-66-0203', 'HP', 'Laser MFP 135a', 'ไตเทียม', 'normal', 'PRN-E08D1802', '2026-05-08 12:16:37', NULL, '2566', 'ห้องฟอกไต', NULL, NULL),
('87', '7440-002-0006-68-0226', 'Epson', 'Tank L3210', 'ห้องจ่ายยาผู้ป่วยใน', 'normal', 'PRN-2BE8BD11', '2026-05-08 14:20:32', NULL, '', 'ระหว่างเครื่องยาใน3 กับ 8', NULL, NULL),
('88', '7440-002-0006-67-0211', 'Epson', 'Tank L3210', 'ห้องจ่ายยาผู้ป่วยใน', 'normal', 'PRN-27C7FB86', '2026-05-08 14:25:10', NULL, '2567', 'ข้างเครื่องยาใน5', NULL, NULL),
('90', '7440-002-0006-59-0121', 'Brother', 'DCP - T300', 'ใจประสานใจ', 'normal', 'PRN-934F6FF0', '2026-05-08 14:35:08', NULL, '2559', 'คลินิกสูงอายุห้อง2', NULL, NULL),
('91', '7440-002-0006-59-0106', 'Brother', 'DCP - T300', 'การเงินและบัญชี', 'normal', 'PRN-A66DED0B', '2026-05-08 14:45:20', NULL, '2559', 'ใต้โต๊ะการเงิน', NULL, NULL),
('92', '7440-002-0006--60-0134', 'Brother', 'DCP - T300', 'ใจประสานใจ', 'normal', 'PRN-685B4970', '2026-05-08 14:58:45', NULL, '2560', 'ห้องตรวจ 1', NULL, NULL),
('93', '7440-002-0006-68-0230', 'Epson', 'Tank L3210', 'ใจประสานใจ', 'normal', 'PRN-45F797F9', '2026-05-08 15:03:20', NULL, '', 'ห้องตรวจ 2', NULL, NULL),
('94', '7440-002-0006-66-0202', 'Epson', 'Tank - L3210', 'ใจประสานใจ', 'normal', 'PRN-77CD0298', '2026-05-08 15:13:30', NULL, '2566', 'จุดบริการ4', NULL, NULL),
('95', '7440-002-0006-60-0136', 'Brother', 'DCP - T300', 'ตึกสูตินรีเวช LR', 'normal', 'PRN-FE0D7939', '2026-05-11 09:15:25', NULL, '2560', 'หน้ามอนิเตอร์ทีวี', NULL, NULL),
('96', '7440-002-0006-65-0176', 'HP', 'Ink Tank Wireless 415', 'ตึกสูตินรีเวช LR', 'normal', 'PRN-B583CCCB', '2026-05-11 09:20:35', NULL, '2565', 'โต๊ะหลังสุด', NULL, NULL),
('97', '7440-002-0006-57-0083', 'Brother', 'DCP J-100', 'ตึกสูตินรีเวช LR', 'normal', 'PRN-FBF52209', '2026-05-11 09:23:30', NULL, '2557', 'โต๊ะหน้า', NULL, NULL),
('98', '7440-002-0006-61-0140', 'Brother', 'DCP T-300', 'ตึกสูตินรีเวช LR', 'normal', 'PRN-A5701B73', '2026-05-11 09:26:04', NULL, '2561', 'ห้องตรวจสูติ', NULL, NULL),
('99', '7440-002-0006-62-0152', 'Brother', 'DCP T-300', 'แผนกอุบัติเหตุและฉุกเฉิน ER', 'normal', 'PRN-5B61E729', '2026-05-11 10:09:32', NULL, '2562', 'โต๊ะหน้าห้อง', NULL, NULL),
('100', '7440-002-0006-61-0142', 'Epson', 'L360', 'แผนกอุบัติเหตุและฉุกเฉิน ER', 'normal', 'PRN-E9153D5B', '2026-05-11 10:13:54', NULL, '2561', 'โต๊ะทำบัตร', NULL, NULL),
('101', '-', 'Epson', 'L3310', 'แผนกอุบัติเหตุและฉุกเฉิน ER', 'normal', 'PRN-369D756E', '2026-05-11 10:17:29', NULL, '', 'โต๊ะหลังข้างเครื่อง ER3', NULL, NULL),
('102', '7440-002-0006-65-0187', 'Brother', 'DCP -T220', 'แผนกอุบัติเหตุและฉุกเฉิน ER', 'normal', 'PRN-9775743D', '2026-05-11 10:20:26', NULL, '2565', 'โต๊ะหลังข้างเตรื่อง Er5', NULL, NULL),
('103', '-', 'Epson', 'L3210', 'แผนกอุบัติเหตุและฉุกเฉิน ER', 'normal', 'PRN-37650975', '2026-05-11 10:22:10', NULL, '', 'โต๊ะตรวจ3', NULL, NULL),
('104', '7440-002-0006-67-0212', 'Epson', 'L3210', 'แผนกอุบัติเหตุและฉุกเฉิน ER', 'normal', 'PRN-7ED6A216', '2026-05-11 10:24:07', NULL, '2567', 'ระหว่างโต๊ะตรวจ 1-2', NULL, NULL),
('105', '7440-002-0006-65-0177', 'HP', 'Ink Tank wireless 415', 'หน่วยจ่ายกลาง', 'normal', 'PRN-10FC90FA', '2026-05-11 10:45:59', NULL, '2565', 'ห้อง supply หน่วยจ่ายกลาง', NULL, NULL),
('106', '7440-002-0006-66-0196', 'Brother', 'DCP -T720DW', 'หน่วยจ่ายกลาง', 'normal', 'PRN-9835ED75', '2026-05-11 10:48:22', NULL, '2566', 'ห้องหัวหน้า', NULL, NULL),
('107', '1440-002-0006-68-0227', 'Epson', 'L3210', 'กลุ่มงานการแพทย์แผนไทย', 'normal', 'PRN-52862777', '2026-05-11 11:00:50', NULL, '', 'Counter Relax Spa', NULL, NULL),
('108', '7440-002-0006-57-0082', 'Brother', 'DCP - J100', 'แผนกซ่อมบำรุง', 'normal', 'PRN-A3B9EBC6', '2026-05-11 11:09:14', NULL, '2557', 'โต๊ะหลังสุด', NULL, NULL),
('109', '7440-002-0006-59-0120', 'Brother', 'DCP T-300', 'ซักฟอก', 'normal', 'PRN-F9E95200', '2026-05-11 11:18:03', NULL, '2559', 'ห้องหน้าทางเข้า', NULL, NULL),
('110', '7440-002-0006-58-0099', 'Brother', 'DCP J-100', 'กลุ่มงานเวชกรรมฟื้นฟู', 'normal', 'PRN-C17FE646', '2026-05-11 11:33:34', NULL, '2558', 'โต๊ะข้างหลัง', NULL, NULL),
('111', '7440-002-0006-67-0209', 'Epson', 'L3210', 'กลุ่มงานเวชกรรมฟื้นฟู', 'normal', 'PRN-B6E0AE55', '2026-05-11 11:38:29', NULL, '2567', 'โต๊ะจิตกรรมบำบัด', NULL, NULL),
('112', '7440-002-0006-66-0188', 'Brother', 'DCP T-720DW', 'กลุ่มงานเวชกรรมฟื้นฟู', 'normal', 'PRN-4D5BF92C', '2026-05-11 11:44:09', NULL, '2566', 'โต๊ะข้างเสา', NULL, NULL),
('113', '7440-002-0006-52-0012', 'HP', 'LaserJet P1006', 'กลุ่มงานเวชกรรมฟื้นฟู', 'normal', 'PRN-074F26E9', '2026-05-11 11:44:44', NULL, '2552', 'กายภาพบำบัดชั้น2ห้อง1', NULL, NULL),
('114', '7440-002-0006-65-0185', 'Brother', 'DCP T-420W', 'คลังยา', 'normal', 'PRN-0726F40F', '2026-05-11 11:50:36', NULL, '2565', 'โต๊ะหน้าทางเข้า', NULL, NULL),
('115', '7440-002-0006-59-0123', 'Brother', 'DCP-T300', 'คลังยา', 'normal', 'PRN-F50DEB29', '2026-05-11 11:51:21', NULL, '2559', 'ห้องหัวหน้า', NULL, NULL),
('116', '7440-002-0006-68-0225', 'Epson', 'L3210', 'คลังยา', 'normal', 'PRN-DF92FF6B', '2026-05-11 11:54:20', NULL, '2568', 'โต๊ะหลังสุดติดบอร์ด', NULL, NULL),
('117', '-', 'Epson', 'L3250', 'คลังยา', 'normal', 'PRN-277EAFC1', '2026-05-11 11:54:56', NULL, '', 'โต๊ะหน้าห้องหัวหน้า', NULL, NULL),
('118', '7440-002-0006-59-0113', 'Brother', 'DCP-T300', 'กลุ่มงานเภสัชกรรมและคุ้มครองผู้บริโภค', 'normal', 'PRN-1A4C862E', '2026-05-11 11:55:51', NULL, '2559', 'ห้องผลิตยา', NULL, NULL),
('119', '7440-002-0006-60-0130', 'Epson', 'L360', 'กลุ่มงานจิตเวชและยาเสพติด', 'normal', 'PRN-8FF0A66E', '2026-05-11 12:08:31', NULL, '2560', 'ห้องหัวหน้า', NULL, NULL),
('120', '-', 'Brother', 'DCP T-300', 'กลุ่มงานจิตเวชและยาเสพติด', 'normal', 'PRN-5E27C709', '2026-05-11 12:11:42', NULL, '', 'ห้องตรวจ2', NULL, NULL),
('121', '7440-002-0006-62-0155', 'Brother', 'DCP T-310', 'กลุ่มงานจิตเวชและยาเสพติด', 'normal', 'PRN-C697E485', '2026-05-11 12:15:19', NULL, '2562', 'ห้องพักหมอ โต๊ะหลังสุด', NULL, NULL),
('122', '-', 'Brother', 'DCP  T-310', 'หน้าห้องตรวจ OPD', 'normal', 'PRN-5A004F2A', '2026-05-11 12:25:38', NULL, '', 'จุดเรียกคิวตรวจ', NULL, NULL),
('123', '7440-002-0006-61-0148', 'Brother', 'DCP T-300', 'หน้าห้องตรวจ OPD', 'normal', 'PRN-BA9F60CD', '2026-05-11 12:29:58', NULL, '2561', 'โต๊ะ หลังพบเเพทย์', NULL, NULL),
('124', '7110-006-0007-0072', 'Brother', 'DCP-T300', 'หน้าห้องตรวจ OPD', 'normal', 'PRN-C89A8DC0', '2026-05-11 12:30:48', NULL, '', 'โต๊ะใบส่งตัว', NULL, NULL),
('125', '7440-002-0006-62', 'Brother', 'DCP T-310', 'หน้าห้องตรวจ OPD', 'normal', 'PRN-B7F0F539', '2026-05-11 12:37:38', NULL, '2562', 'ห้องตรวจ 1', NULL, NULL),
('126', '7440-002-0006-54-0050', 'HP', 'LaserJet P1102w', 'หน้าห้องตรวจ OPD', 'normal', 'PRN-F6DDD428', '2026-05-11 12:38:48', NULL, '2554', 'ห้องตรวจ2', NULL, NULL),
('127', '-', 'HP', 'Smart Tank 500', 'หน้าห้องตรวจ OPD', 'normal', 'PRN-9523782B', '2026-05-11 12:39:48', NULL, '-', 'ห้องตรวจ3', NULL, NULL),
('128', '7440-002-0006-60-0135', 'Brother', 'DCP-T300', 'หน้าห้องตรวจ OPD', 'normal', 'PRN-F49AAF5E', '2026-05-11 12:40:56', NULL, '2560', 'ห้องตรวจ4', NULL, NULL),
('129', '7440-002-0006-59-0118', 'Brother', 'DCP T-300', 'หน้าห้องตรวจ OPD', 'normal', 'PRN-49012508', '2026-05-11 12:46:56', NULL, '2559', 'คลินิกมลภาวะ', NULL, NULL),
('130', '7440-002-0006-67-0205', 'HP', 'Laser MFP 135a', 'หน้าห้องตรวจ OPD', 'normal', 'PRN-F57EDB1E', '2026-05-11 12:48:46', NULL, '2566', 'ห้องตรวจ7', NULL, NULL),
('131', '-', 'Epson', 'L3210', 'หน้าห้องตรวจ OPD', 'normal', 'PRN-A6D5F19B', '2026-05-11 12:49:35', NULL, '-', 'ห้องตรวจ6', NULL, NULL),
('132', '-', 'Epson', 'L405', 'หน้าห้องตรวจ OPD', 'normal', 'PRN-AA810F69', '2026-05-11 12:50:33', NULL, '-', 'ห้องตรวจ8', NULL, NULL),
('133', '7440-002-0006-65-0179', 'Epson', 'L3210', 'ตึกศัลยกรรม', 'normal', 'PRN-449EB918', '2026-05-11 14:06:03', NULL, '2565', 'โต๊ะหน้ามอนิเตอร์ทีวี', NULL, NULL),
('134', '7440-002-0006-60-0215', 'HP', 'Ink Tank wireless 415', 'ตึกศัลยกรรม', 'normal', 'PRN-ABC5C063', '2026-05-11 14:11:36', NULL, '2560', 'ข้างประตู', NULL, NULL),
('135', '-', 'Brother', 'MPC L2700D', 'ตึกศัลยกรรม', 'normal', 'PRN-8BC18D17', '2026-05-11 14:15:15', NULL, '', 'ระกว่างเครื่องคอม OPD1-2 กับ OPD1-4', NULL, NULL),
('137', '7440-002-0006-62-0158', 'HP', 'Ink Tank Wireless 415', 'OPD ศัลยกรรม', 'normal', 'PRN-C2107878', '2026-05-11 14:31:57', NULL, '2562', 'ห้องตรวจ2', NULL, NULL),
('138', '7440-002-0006-68-0223', 'Epson', 'L3210', 'OPD ศัลยกรรม', 'normal', 'PRN-C4DEDE62', '2026-05-11 14:34:25', NULL, '2568', 'ห้องตรวจ1', NULL, NULL),
('139', '-', 'Brother', 'DCP T-300', 'OPD ศัลยกรรม', 'normal', 'PRN-20F79E15', '2026-05-11 14:38:42', NULL, '', 'โต๊ะตรวจ 1', NULL, NULL),
('140', '7440-002-0006-66-0190', 'Brother', 'DCP T-220', 'OPD กุมารเวชกรรม', 'normal', 'PRN-52C756F3', '2026-05-11 14:44:37', NULL, '2566', 'จุดบริการที่ 3', NULL, NULL),
('141', '7440-002-0006-66-0192', 'HP', 'Laser Jet Pro M404dn', 'OPD กุมารเวชกรรม', 'normal', 'PRN-B73900A9', '2026-05-11 14:50:20', NULL, '2566', 'ห้องตรวจ2', NULL, NULL),
('142', '7440-002-0006-66-0189', 'Brother', 'DCP T220', 'IPD กุมารเวชกรรม', 'normal', 'PRN-FCA20A59', '2026-05-11 15:01:51', NULL, '2566', 'ระหว่างเครื่อง WPED3 กับ WPED4', NULL, NULL),
('143', '7440-002-0006-66-0201', 'HP', 'Laser 107a', 'IPD กุมารเวชกรรม', 'normal', 'PRN-F60E95B7', '2026-05-11 15:04:31', NULL, '2566', 'ข้างเครื่อง WPED2', NULL, NULL),
('144', '7440-002-0006-67-0207', 'Epson', 'L3210', 'ห้องผ่าตัด OR', 'normal', 'PRN-6067C5AD', '2026-05-11 15:12:07', NULL, '2567', 'โต๊ะเคาน์เตอร์', NULL, NULL),
('145', '7440-002-0006-00-0021', 'HP', 'Laser jet 1020', 'ห้องผ่าตัด OR', 'normal', 'PRN-8B020E64', '2026-05-11 15:15:46', NULL, '', 'โต๊ะคอมเครื่อง OR2', NULL, NULL),
('146', '7440-002-0006-67-0207', 'Epson', 'L3210', 'ห้องผ่าตัด OR', 'normal', 'PRN-345FDF9F', '2026-05-11 15:18:18', NULL, '2567', 'โต๊ะหลังสุด', NULL, NULL),
('147', '7440-002-0006-67-0206', 'Epson', 'L3210', 'ห้องผ่าตัด OR', 'normal', 'PRN-4A0960C4', '2026-05-11 15:21:09', NULL, '2567', 'ในห้องผ่าตัดโต๊ะเเรก', NULL, NULL),
('148', '-', 'HP', 'Smart Tank 500', 'ห้องผ่าตัด OR', 'normal', 'PRN-7F6CA230', '2026-05-11 15:23:50', NULL, '', 'โต๊ะระหว่างเครื่อง2or4', NULL, NULL),
('149', '7440-002-0006-65-0181', 'Brother', 'DCP  T220', 'ฉีดยาทำแผล', 'normal', 'PRN-25E1563E', '2026-05-11 15:40:08', NULL, '2565', 'หน้าห้องฉีดยา', NULL, NULL),
('150', '7440-002-0006-69-0001', 'Brother', 'BTD100', 'ธุรการ', 'normal', 'PRN-4D5B9F32', '2026-05-12 09:22:09', NULL, '2569', 'โต๊ะหน้าประตู', NULL, NULL),
('151', '7440-002-0006-68-0231', 'Brother', 'BTD100', 'ธุรการ', 'normal', 'PRN-2D3A3BF4', '2026-05-12 09:24:58', NULL, '2568', 'โต๊ะหลังสุด', NULL, NULL),
('152', '7440-002-0006-67-0204', 'HP', 'Laser MFP135a', 'การเงินและบัญชี', 'normal', 'PRN-2A0434B0', '2026-05-12 09:27:38', NULL, '2567', 'โต๊ะหลังสุด เเถวกลางห้อง', NULL, NULL),
('153', '7440-002-0006-68-0217', 'Epson', 'L3210', 'การเงินและบัญชี', 'normal', 'PRN-1AE4B85B', '2026-05-12 09:29:45', NULL, '2568', 'โต๊ะกลางห้อง', NULL, NULL),
('154', '7440-002-0006-62-0156', 'Brother', 'DCP T310', 'การเงินและบัญชี', 'normal', 'PRN-1AEF9763', '2026-05-12 09:32:29', NULL, '2562', 'โต๊ะริมหน้าต่าง', NULL, NULL),
('156', '-', 'Epson', 'L3210', 'กลุ่มงานสุขภาพดิจิทัล', 'normal', 'PRN-F61B99DF', '2026-05-12 09:40:35', NULL, '', 'โต๊ะทางเข้า', NULL, NULL),
('157', '7440-002-0006-68-0220', 'Brother', 'BTD100', 'กลุ่มงานสุขภาพดิจิทัล', 'normal', 'PRN-CD6F2FDE', '2026-05-12 09:44:40', NULL, '2568', 'โต๊ะกลาง', NULL, NULL),
('158', '7440-002-0006-62-0154', 'Brother', 'DCP T310', 'กลุ่มงานประกันสุขภาพยุทธศาสตร์', 'normal', 'PRN-6A688559', '2026-05-12 09:46:59', NULL, '2562', 'โต๊ะฝั่งใต้เเอร์', NULL, NULL),
('159', '7440-002-0006-59-0110', 'Brother', 'DCP T300', 'พัสดุ', 'normal', 'PRN-D4D707AE', '2026-05-12 09:51:52', NULL, '2559', 'โต๊ะใต้แอร์', NULL, NULL),
('160', '7440-002-0006-67-0203', 'HP', 'Laser Jet Pro MFP 3103 fdn', 'พัสดุ', 'normal', 'PRN-56866235', '2026-05-12 09:54:41', NULL, '2567', 'โต๊ะกลาง', NULL, NULL),
('161', '-', 'Canon', 'imageclass MF3010', 'พัสดุ', 'normal', 'PRN-9BDED207', '2026-05-12 09:56:31', NULL, '', 'โต๊ะหลัง', NULL, NULL),
('162', '7440-002-0006-57-0073', 'HP', 'LaserJet P1102', 'พัสดุ', 'normal', 'PRN-88AD8BA9', '2026-05-12 09:58:21', NULL, '2557', 'โต๊ะหน้าทางเข้า', NULL, NULL),
('163', '7440-002-0006-68-0224', 'Brother', 'BTD100', 'สุขาภิบาลและสิ่งแวดล้อม', 'normal', 'PRN-AA8AEA59', '2026-05-12 10:22:48', NULL, '2568', 'ห้องทำงานเจ้าหน้าที่', NULL, NULL),
('164', '7440-002-0006-68-0228', 'Epson', 'L3210', 'สุขาภิบาลและสิ่งแวดล้อม', 'normal', 'PRN-C36B1892', '2026-05-12 10:26:03', NULL, '2568', 'โต๊ะตรวจผู้ป่วย', NULL, NULL),
('171', '-', 'HP', 'Smart Tank 500', 'กลุ่มงานบริการด้านปฐมภูมิ', 'normal', 'PRN-C383680D', '2026-05-12 11:55:54', NULL, '', 'โต๊ะริมหน้าต่าง', NULL, NULL),
('172', '7440-002-0006-66-0199', 'Brother', 'DCP - T220', 'กลุ่มงานบริการด้านปฐมภูมิ', 'normal', 'PRN-B80F2A14', '2026-05-12 12:03:50', NULL, '2566', 'โต๊ะ2 ฝั่งประตูเข้า', NULL, NULL),
('173', '-', 'Epson', 'L3250', 'กลุ่มงานบริการด้านปฐมภูมิ', 'normal', 'PRN-CC4A69E9', '2026-05-12 12:05:54', NULL, '', 'โต๊ะหน้าห้อง จุดซักประวัติ', NULL, NULL),
('174', '7440-002-0006-60-0129', 'Epson', 'L320', 'งานเวชระเบียนและข้อมูลทางการแพทย์ (ซักประวัติ,บัตรทอง)', 'normal', 'PRN-88E678FD', '2026-05-12 12:40:31', NULL, '2560', 'จุดซักประวัติฝั่งซ้าย', NULL, NULL),
('175', '7440-002-0006-62-0151', 'Brother', 'DCP T310', 'งานเวชระเบียนและข้อมูลทางการแพทย์ (ซักประวัติ,บัตรทอง)', 'normal', 'PRN-FF6C6AED', '2026-05-12 12:42:27', NULL, '2562', 'จุดซักประวัติฝั่งขวา', NULL, NULL),
('176', '7440-002-0006-68-0221', 'Epson', 'L3210', 'พ.ร.บ.', 'normal', 'PRN-3716DEEB', '2026-05-12 12:47:45', NULL, '2568', 'โต๊ะหน้าเคาน์เตอร์', NULL, NULL),
('177', '7440-002-0006-59-0107', 'Brother', 'DCP T300', 'งานเวชระเบียนและข้อมูลทางการแพทย์ (ซักประวัติ,บัตรทอง)', 'normal', 'PRN-AEB35E8A', '2026-05-12 12:51:08', NULL, '2559', 'ห้องบัตรทอง', NULL, NULL),
('179', '7440-002-0006-59-0112', 'Brother', 'DCP T300', 'กลุ่มงานรังสีวิทยา', 'normal', 'PRN-8DB2B399', '2026-05-12 12:56:10', NULL, '2559', 'โต๊ะเคาน์เตอร์', NULL, NULL),
('180', '7440-002-0006-66-0197', 'Brother', 'DCP-T220', 'PCU ม่วงคำ', 'normal', 'PRN-AA3ED53C', '2026-05-12 14:11:17', NULL, '2566', 'ห้องเจ้าหน้าที่ 1 (ซ้าย)', NULL, NULL),
('181', '7440-002-0006-63-0167', 'Brother', 'DCP-T310', 'PCU ม่วงคำ', 'normal', 'PRN-D24BE0F3', '2026-05-12 14:12:24', NULL, '2563', 'ห้องเจ้าหน้าที่ 1 (ขวา)', NULL, NULL),
('182', '-', 'HP', 'LaserJet 1020', 'PCU ม่วงคำ', 'normal', 'PRN-960CDB0C', '2026-05-12 14:14:02', NULL, '', 'เคาน์เตอร์หลัก', NULL, NULL),
('183', '7440-002-0006-66-0195', 'Brother', 'DCP T720DW', 'ห้องจ่ายยาผู้ป่วยนอก', 'normal', 'PRN-852A3621', '2026-05-12 14:52:28', NULL, '2566', 'โต๊ะจ่ายยานอก', NULL, NULL),
('184', '7440-002-0006-68-0222', 'Epson', 'L3210', 'การเงินและบัญชี', 'normal', 'PRN-3DE9055C', '2026-05-12 14:55:15', NULL, '2568', 'การเงินยานอก', NULL, NULL),
('185', '-', 'HP', 'LaserJet P1102', 'คลังวัสดุการเเพทย์', 'normal', 'PRN-519CDF4D', '2026-05-12 15:08:56', NULL, '', 'โต๊ะในริมห้องกระจก', NULL, NULL),
('186', '7440-002-0006-67-0213', 'Epson', 'L3210', 'คลังวัสดุการเเพทย์', 'normal', 'PRN-B7830392', '2026-05-12 15:10:54', NULL, '2567', 'โต๊ะประตูทางเข้า', NULL, NULL),
('187', '7440-002-0006-60-0132', 'Brother', 'DCP T300', 'งานยานพาหนะ', 'normal', 'PRN-AAF83D2B', '2026-05-12 15:13:29', NULL, '2560', 'โต๊ะหน้าทางเข้า', NULL, NULL),
('188', '7440-002-0006-59-0122', 'Brother', 'DCP T300', 'งานเทคโนโลยีสารสนเทศและพัฒนาระบบสุขภาพดิจิทัล', 'normal', 'PRN-7F3E20FE', '2026-05-12 15:22:39', NULL, '2559', 'โต๊ะหน้าประตูทางเข้า', NULL, NULL),
('189', '7440-002-0006-53-0031', 'HP', 'Laser Jet 3052', 'งานเทคโนโลยีสารสนเทศและพัฒนาระบบสุขภาพดิจิทัล', 'normal', 'PRN-F126130E', '2026-05-12 15:25:20', NULL, '2553', 'โต๊ะหลังฝั่งซ้าย', NULL, NULL),
('190', '7440-002-0006-58-0101', 'Brother', 'DCP J100', 'ห้องพักแพทย์', 'normal', 'PRN-E803D273', '2026-05-14 09:00:13', NULL, '2558', 'ข้างเครื่องคอมริมใน', NULL, NULL),
('191', '7440-002-0006-68-0216', 'Epson', 'L3210', 'เวชปฏิบัติครอบครัวและชุมชน', 'normal', 'PRN-91E1DED4', '2026-05-14 11:10:35', NULL, '2568', 'โต๊ะเคาน์เตอร์', NULL, NULL),
('192', '-', 'Brother', 'DCP- T310', 'งานเทคโนโลยีสารสนเทศและพัฒนาระบบสุขภาพดิจิทัล', 'normal', 'PRN-5C2B26A5', '2026-05-18 14:44:25', NULL, '', 'กัมพล', NULL, NULL),
('194', '-', 'Brother', 'DCP- T300', 'สุขาภิบาลและสิ่งแวดล้อม', 'normal', 'PRN-F97CABE3', '2026-05-18 15:14:26', NULL, '', '', NULL, NULL);


-- -------------------------------------------
-- Table: `users`
-- -------------------------------------------
DROP TABLE IF EXISTS `users`;
CREATE TABLE `users` (
  `id` int NOT NULL AUTO_INCREMENT,
  `username` varchar(50) NOT NULL,
  `password` varchar(255) NOT NULL,
  `full_name` varchar(100) DEFAULT NULL,
  `role` enum('admin','user') DEFAULT 'admin',
  `created_at` timestamp NULL DEFAULT CURRENT_TIMESTAMP,
  PRIMARY KEY (`id`),
  UNIQUE KEY `username` (`username`)
) ENGINE=InnoDB AUTO_INCREMENT=4 DEFAULT CHARSET=utf8mb4 COLLATE=utf8mb4_general_ci;

INSERT INTO `users` (`id`, `username`, `password`, `full_name`, `role`, `created_at`) VALUES
('1', 'admin', '$2y$10$tZTIEkHX/zTnE6yAsob7RecogG7OP0rwcfkWpQ7isrYne.IddbIei', 'ณัฐกฤตา  ปวงจันทร์', 'admin', '2026-05-06 10:59:13'),
('2', 'admin2', '$2y$10$.zdzZktIG51k6gXgSX.eRO6cVJo2Zu/Pn9fI1UfWZUs0gLqVydrQ6', 'กิตติวรรณ  มาทน', 'admin', '2026-05-06 14:36:36'),
('3', 'manop', '$2y$10$U2ADEcUGkYYeItaK.le19..z551t4gCCkmkIJb.n8pD0WcH4vhkJm', 'มานพ  สีตา', 'admin', '2026-05-18 14:13:01');


SET FOREIGN_KEY_CHECKS = 1;
-- Backup completed successfully.
